Text,Field1,Field2
NAF,"Total opening kills
4123",
NAF,"Total opening deaths
3300",
NAF,"Opening kill ratio
1.25",
NAF,"Opening kill rating
0.99",
NAF,"Team win percent after first kill
75.1%",
NAF,"First kill in won rounds
12.6%",Career
NAF,"First kill in won rounds
12.6%",1.08 (1757)
NAF,"First kill in won rounds
12.6%",1.10 (866)
NAF,"First kill in won rounds
12.6%",1.07 (891)
NAF,"First kill in won rounds
12.6%",1.06 (82)
YEKINDAR,"Total opening kills
5223",
YEKINDAR,"Total opening deaths
5023",
YEKINDAR,"Opening kill ratio
1.04",
YEKINDAR,"Opening kill rating
1.18",
YEKINDAR,"Team win percent after first kill
73.4%",
YEKINDAR,"First kill in won rounds
21.7%",Career
YEKINDAR,"First kill in won rounds
21.7%",1.06 (1287)
YEKINDAR,"First kill in won rounds
21.7%",1.05 (909)
YEKINDAR,"First kill in won rounds
21.7%",1.08 (378)
YEKINDAR,"First kill in won rounds
21.7%",1.04 (58)
oSee,"Total opening kills
3851",
oSee,"Total opening deaths
2751",
oSee,"Opening kill ratio
1.40",
oSee,"Opening kill rating
1.10",
oSee,"Team win percent after first kill
75.4%",
oSee,"First kill in won rounds
16.2%",Career
oSee,"First kill in won rounds
16.2%",1.10 (1287)
oSee,"First kill in won rounds
16.2%",1.13 (912)
oSee,"First kill in won rounds
16.2%",1.02 (375)
oSee,"First kill in won rounds
16.2%",1.05 (39)
nitr0,"Total opening kills
4004",
nitr0,"Total opening deaths
4131",
nitr0,"Opening kill ratio
0.97",
nitr0,"Opening kill rating
0.99",
nitr0,"Team win percent after first kill
74.8%",
nitr0,"First kill in won rounds
14.0%",Career
nitr0,"First kill in won rounds
14.0%",0.98 (1541)
nitr0,"First kill in won rounds
14.0%",1.03 (672)
nitr0,"First kill in won rounds
14.0%",0.94 (869)
nitr0,"First kill in won rounds
14.0%",0.93 (102)
EliGE,"Total opening kills
6141",
EliGE,"Total opening deaths
5771",
EliGE,"Opening kill ratio
1.06",
EliGE,"Opening kill rating
1.11",
EliGE,"Team win percent after first kill
73.6%",
EliGE,"First kill in won rounds
17.8%",Career
EliGE,"First kill in won rounds
17.8%",1.08 (1823)
EliGE,"First kill in won rounds
17.8%",1.10 (899)
EliGE,"First kill in won rounds
17.8%",1.06 (924)
EliGE,"First kill in won rounds
17.8%",1.04 (104)
ZywOo,"Total opening kills
4839",
ZywOo,"Total opening deaths
3010",
ZywOo,"Opening kill ratio
1.61",
ZywOo,"Opening kill rating
1.27",
ZywOo,"Team win percent after first kill
73.3%",
ZywOo,"First kill in won rounds
20.9%",Career
ZywOo,"First kill in won rounds
20.9%",1.27 (1210)
ZywOo,"First kill in won rounds
20.9%",1.28 (636)
ZywOo,"First kill in won rounds
20.9%",1.25 (574)
ZywOo,"First kill in won rounds
20.9%",1.24 (82)
Magisk,"Total opening kills
4306",
Magisk,"Total opening deaths
3963",
Magisk,"Opening kill ratio
1.09",
Magisk,"Opening kill rating
1.02",
Magisk,"Team win percent after first kill
75.8%",
Magisk,"First kill in won rounds
14.2%",Career
Magisk,"First kill in won rounds
14.2%",1.07 (1599)
Magisk,"First kill in won rounds
14.2%",1.08 (774)
Magisk,"First kill in won rounds
14.2%",1.07 (824)
Magisk,"First kill in won rounds
14.2%",1.07 (104)
Spinx,"Total opening kills
1678",
Spinx,"Total opening deaths
1501",
Spinx,"Opening kill ratio
1.12",
Spinx,"Opening kill rating
1.02",
Spinx,"Team win percent after first kill
72.2%",
Spinx,"First kill in won rounds
13.7%",Career
Spinx,"First kill in won rounds
13.7%",1.09 (627)
Spinx,"First kill in won rounds
13.7%",1.08 (347)
Spinx,"First kill in won rounds
13.7%",1.10 (280)
Spinx,"First kill in won rounds
13.7%",1.11 (50)
dupreeh,"Total opening kills
6389",
dupreeh,"Total opening deaths
5626",
dupreeh,"Opening kill ratio
1.14",
dupreeh,"Opening kill rating
1.08",
dupreeh,"Team win percent after first kill
75.1%",
dupreeh,"First kill in won rounds
15.9%",Career
dupreeh,"First kill in won rounds
15.9%",1.07 (2102)
dupreeh,"First kill in won rounds
15.9%",1.10 (1002)
dupreeh,"First kill in won rounds
15.9%",1.05 (1099)
dupreeh,"First kill in won rounds
15.9%",1.05 (163)
apEX,"Total opening kills
6587",
apEX,"Total opening deaths
7120",
apEX,"Opening kill ratio
0.93",
apEX,"Opening kill rating
1.03",
apEX,"Team win percent after first kill
75.8%",
apEX,"First kill in won rounds
16.2%",Career
apEX,"First kill in won rounds
16.2%",1.00 (2191)
apEX,"First kill in won rounds
16.2%",1.02 (1105)
apEX,"First kill in won rounds
16.2%",0.98 (1086)
apEX,"First kill in won rounds
16.2%",1.00 (140)
m0NESY,"Total opening kills
1587",
m0NESY,"Total opening deaths
952",
m0NESY,"Opening kill ratio
1.67",
m0NESY,"Opening kill rating
1.22",
m0NESY,"Team win percent after first kill
74.3%",
m0NESY,"First kill in won rounds
19.3%",Career
m0NESY,"First kill in won rounds
19.3%",1.18 (441)
m0NESY,"First kill in won rounds
19.3%",1.21 (175)
m0NESY,"First kill in won rounds
19.3%",1.16 (266)
m0NESY,"First kill in won rounds
19.3%",1.16 (25)
NiKo,"Total opening kills
6796",
NiKo,"Total opening deaths
5541",
NiKo,"Opening kill ratio
1.23",
NiKo,"Opening kill rating
1.18",
NiKo,"Team win percent after first kill
73.4%",
NiKo,"First kill in won rounds
19.9%",Career
NiKo,"First kill in won rounds
19.9%",1.15 (1803)
NiKo,"First kill in won rounds
19.9%",1.14 (886)
NiKo,"First kill in won rounds
19.9%",1.17 (917)
NiKo,"First kill in won rounds
19.9%",1.13 (95)
HooXi,"Total opening kills
2149",
HooXi,"Total opening deaths
2931",
HooXi,"Opening kill ratio
0.73",
HooXi,"Opening kill rating
0.89",
HooXi,"Team win percent after first kill
73.1%",
HooXi,"First kill in won rounds
11.6%",Career
HooXi,"First kill in won rounds
11.6%",0.85 (976)
HooXi,"First kill in won rounds
11.6%",0.86 (704)
HooXi,"First kill in won rounds
11.6%",0.83 (272)
HooXi,"First kill in won rounds
11.6%",0.79 (37)
huNter-,"Total opening kills
4948",
huNter-,"Total opening deaths
4205",
huNter-,"Opening kill ratio
1.18",
huNter-,"Opening kill rating
1.08",
huNter-,"Team win percent after first kill
75.9%",
huNter-,"First kill in won rounds
16.1%",Career
huNter-,"First kill in won rounds
16.1%",1.12 (1645)
huNter-,"First kill in won rounds
16.1%",1.12 (1075)
huNter-,"First kill in won rounds
16.1%",1.11 (570)
huNter-,"First kill in won rounds
16.1%",1.08 (53)
jks,"Total opening kills
2899",
jks,"Total opening deaths
2534",
jks,"Opening kill ratio
1.14",
jks,"Opening kill rating
0.96",
jks,"Team win percent after first kill
73.2%",
jks,"First kill in won rounds
11.5%",Career
jks,"First kill in won rounds
11.5%",1.06 (1359)
jks,"First kill in won rounds
11.5%",1.08 (676)
jks,"First kill in won rounds
11.5%",1.05 (683)
jks,"First kill in won rounds
11.5%",1.05 (57)
Ax1Le,"Total opening kills
3334",
Ax1Le,"Total opening deaths
2761",
Ax1Le,"Opening kill ratio
1.21",
Ax1Le,"Opening kill rating
1.06",
Ax1Le,"Team win percent after first kill
76.3%",
Ax1Le,"First kill in won rounds
15.5%",Career
Ax1Le,"First kill in won rounds
15.5%",1.10 (1147)
Ax1Le,"First kill in won rounds
15.5%",1.10 (842)
Ax1Le,"First kill in won rounds
15.5%",1.08 (305)
Ax1Le,"First kill in won rounds
15.5%",0.98 (30)
sh1ro,"Total opening kills
3248",
sh1ro,"Total opening deaths
1667",
sh1ro,"Opening kill ratio
1.95",
sh1ro,"Opening kill rating
1.14",
sh1ro,"Team win percent after first kill
77.1%",
sh1ro,"First kill in won rounds
16.1%",Career
sh1ro,"First kill in won rounds
16.1%",1.22 (1074)
sh1ro,"First kill in won rounds
16.1%",1.23 (790)
sh1ro,"First kill in won rounds
16.1%",1.20 (284)
sh1ro,"First kill in won rounds
16.1%",1.23 (30)
interz,"Total opening kills
1553",
interz,"Total opening deaths
1647",
interz,"Opening kill ratio
0.94",
interz,"Opening kill rating
0.86",
interz,"Team win percent after first kill
74.6%",
interz,"First kill in won rounds
8.4%",Career
interz,"First kill in won rounds
8.4%",0.94 (960)
interz,"First kill in won rounds
8.4%",0.94 (768)
interz,"First kill in won rounds
8.4%",0.93 (192)
interz,"First kill in won rounds
8.4%",0.88 (30)
HObbit,"Total opening kills
3928",
HObbit,"Total opening deaths
3723",
HObbit,"Opening kill ratio
1.06",
HObbit,"Opening kill rating
1.03",
HObbit,"Team win percent after first kill
73.0%",
HObbit,"First kill in won rounds
14.8%",Career
HObbit,"First kill in won rounds
14.8%",1.06 (1384)
HObbit,"First kill in won rounds
14.8%",1.07 (838)
HObbit,"First kill in won rounds
14.8%",1.04 (546)
HObbit,"First kill in won rounds
14.8%",1.02 (62)
nafany,"Total opening kills
3480",
nafany,"Total opening deaths
4293",
nafany,"Opening kill ratio
0.81",
nafany,"Opening kill rating
1.02",
nafany,"Team win percent after first kill
76.0%",
nafany,"First kill in won rounds
16.8%",Career
nafany,"First kill in won rounds
16.8%",0.95 (1090)
nafany,"First kill in won rounds
16.8%",0.97 (824)
nafany,"First kill in won rounds
16.8%",0.89 (266)
nafany,"First kill in won rounds
16.8%",0.96 (30)
s1mple,"Total opening kills
6573",
s1mple,"Total opening deaths
4099",
s1mple,"Opening kill ratio
1.60",
s1mple,"Opening kill rating
1.24",
s1mple,"Team win percent after first kill
75.0%",
s1mple,"First kill in won rounds
20.6%",Career
s1mple,"First kill in won rounds
20.6%",1.24 (1724)
s1mple,"First kill in won rounds
20.6%",1.24 (843)
s1mple,"First kill in won rounds
20.6%",1.24 (881)
s1mple,"First kill in won rounds
20.6%",1.20 (115)
b1t,"Total opening kills
1929",
b1t,"Total opening deaths
1683",
b1t,"Opening kill ratio
1.15",
b1t,"Opening kill rating
1.08",
b1t,"Team win percent after first kill
74.5%",
b1t,"First kill in won rounds
16.3%",Career
b1t,"First kill in won rounds
16.3%",1.05 (628)
b1t,"First kill in won rounds
16.3%",1.05 (339)
b1t,"First kill in won rounds
16.3%",1.05 (289)
b1t,"First kill in won rounds
16.3%",1.09 (40)
sdy,"Total opening kills
3408",
sdy,"Total opening deaths
3214",
sdy,"Opening kill ratio
1.06",
sdy,"Opening kill rating
0.97",
sdy,"Team win percent after first kill
73.8%",
sdy,"First kill in won rounds
12.2%",Career
sdy,"First kill in won rounds
12.2%",1.04 (1488)
sdy,"First kill in won rounds
12.2%",1.05 (1196)
sdy,"First kill in won rounds
12.2%",1.03 (292)
sdy,"First kill in won rounds
12.2%",0.99 (44)
Perfecto,"Total opening kills
1509",
Perfecto,"Total opening deaths
1431",
Perfecto,"Opening kill ratio
1.05",
Perfecto,"Opening kill rating
0.89",
Perfecto,"Team win percent after first kill
74.2%",
Perfecto,"First kill in won rounds
9.0%",Career
Perfecto,"First kill in won rounds
9.0%",0.98 (890)
Perfecto,"First kill in won rounds
9.0%",0.98 (533)
Perfecto,"First kill in won rounds
9.0%",0.99 (357)
Perfecto,"First kill in won rounds
9.0%",1.05 (48)
electroNic,"Total opening kills
4622",
electroNic,"Total opening deaths
4257",
electroNic,"Opening kill ratio
1.09",
electroNic,"Opening kill rating
1.07",
electroNic,"Team win percent after first kill
73.1%",
electroNic,"First kill in won rounds
16.5%",Career
electroNic,"First kill in won rounds
16.5%",1.08 (1486)
electroNic,"First kill in won rounds
16.5%",1.08 (742)
electroNic,"First kill in won rounds
16.5%",1.09 (744)
electroNic,"First kill in won rounds
16.5%",1.10 (92)
Qikert,"Total opening kills
3951",
Qikert,"Total opening deaths
3673",
Qikert,"Opening kill ratio
1.08",
Qikert,"Opening kill rating
1.03",
Qikert,"Team win percent after first kill
71.0%",
Qikert,"First kill in won rounds
14.1%",Career
Qikert,"First kill in won rounds
14.1%",1.03 (1415)
Qikert,"First kill in won rounds
14.1%",1.06 (987)
Qikert,"First kill in won rounds
14.1%",0.97 (428)
Qikert,"First kill in won rounds
14.1%",0.95 (88)
fame,"Total opening kills
2121",
fame,"Total opening deaths
1921",
fame,"Opening kill ratio
1.10",
fame,"Opening kill rating
1.07",
fame,"Team win percent after first kill
73.6%",
fame,"First kill in won rounds
16.3%",Career
fame,"First kill in won rounds
16.3%",1.06 (698)
fame,"First kill in won rounds
16.3%",1.06 (557)
fame,"First kill in won rounds
16.3%",1.05 (141)
fame,"First kill in won rounds
16.3%",1.22 (17)
FL1T,"Total opening kills
3511",
FL1T,"Total opening deaths
3234",
FL1T,"Opening kill ratio
1.09",
FL1T,"Opening kill rating
0.98",
FL1T,"Team win percent after first kill
73.1%",
FL1T,"First kill in won rounds
12.7%",Career
FL1T,"First kill in won rounds
12.7%",1.07 (1429)
FL1T,"First kill in won rounds
12.7%",1.08 (1094)
FL1T,"First kill in won rounds
12.7%",1.05 (335)
FL1T,"First kill in won rounds
12.7%",0.99 (55)
n0rb3r7,"Total opening kills
3629",
n0rb3r7,"Total opening deaths
3628",
n0rb3r7,"Opening kill ratio
1.00",
n0rb3r7,"Opening kill rating
1.05",
n0rb3r7,"Team win percent after first kill
70.7%",
n0rb3r7,"First kill in won rounds
15.8%",Career
n0rb3r7,"First kill in won rounds
15.8%",1.03 (1200)
n0rb3r7,"First kill in won rounds
15.8%",1.04 (997)
n0rb3r7,"First kill in won rounds
15.8%",0.97 (203)
n0rb3r7,"First kill in won rounds
15.8%",0.97 (25)
Jame,"Total opening kills
4278",
Jame,"Total opening deaths
2333",
Jame,"Opening kill ratio
1.83",
Jame,"Opening kill rating
1.15",
Jame,"Team win percent after first kill
75.8%",
Jame,"First kill in won rounds
16.9%",Career
Jame,"First kill in won rounds
16.9%",1.13 (1369)
Jame,"First kill in won rounds
16.9%",1.15 (918)
Jame,"First kill in won rounds
16.9%",1.09 (451)
Jame,"First kill in won rounds
16.9%",1.07 (88)
ropz,"Total opening kills
3493",
ropz,"Total opening deaths
2829",
ropz,"Opening kill ratio
1.23",
ropz,"Opening kill rating
1.02",
ropz,"Team win percent after first kill
73.3%",
ropz,"First kill in won rounds
13.6%",Career
ropz,"First kill in won rounds
13.6%",1.12 (1352)
ropz,"First kill in won rounds
13.6%",1.12 (592)
ropz,"First kill in won rounds
13.6%",1.12 (760)
ropz,"First kill in won rounds
13.6%",1.10 (85)
broky,"Total opening kills
2123",
broky,"Total opening deaths
1403",
broky,"Opening kill ratio
1.51",
broky,"Opening kill rating
1.00",
broky,"Team win percent after first kill
74.9%",
broky,"First kill in won rounds
12.4%",Career
broky,"First kill in won rounds
12.4%",1.07 (923)
broky,"First kill in won rounds
12.4%",1.05 (484)
broky,"First kill in won rounds
12.4%",1.10 (439)
broky,"First kill in won rounds
12.4%",1.10 (50)
Twistzz,"Total opening kills
3698",
Twistzz,"Total opening deaths
3433",
Twistzz,"Opening kill ratio
1.08",
Twistzz,"Opening kill rating
0.97",
Twistzz,"Team win percent after first kill
74.1%",
Twistzz,"First kill in won rounds
12.2%",Career
Twistzz,"First kill in won rounds
12.2%",1.10 (1606)
Twistzz,"First kill in won rounds
12.2%",1.12 (719)
Twistzz,"First kill in won rounds
12.2%",1.09 (887)
Twistzz,"First kill in won rounds
12.2%",1.07 (86)
rain,"Total opening kills
6032",
rain,"Total opening deaths
6206",
rain,"Opening kill ratio
0.97",
rain,"Opening kill rating
1.08",
rain,"Team win percent after first kill
74.6%",
rain,"First kill in won rounds
17.8%",Career
rain,"First kill in won rounds
17.8%",1.02 (1826)
rain,"First kill in won rounds
17.8%",1.02 (817)
rain,"First kill in won rounds
17.8%",1.02 (1009)
rain,"First kill in won rounds
17.8%",0.98 (127)
karrigan,"Total opening kills
5798",
karrigan,"Total opening deaths
7211",
karrigan,"Opening kill ratio
0.80",
karrigan,"Opening kill rating
0.96",
karrigan,"Team win percent after first kill
74.3%",
karrigan,"First kill in won rounds
13.7%",Career
karrigan,"First kill in won rounds
13.7%",0.90 (2235)
karrigan,"First kill in won rounds
13.7%",0.91 (1013)
karrigan,"First kill in won rounds
13.7%",0.89 (1222)
karrigan,"First kill in won rounds
13.7%",0.89 (134)
frozen,"Total opening kills
3911",
frozen,"Total opening deaths
3408",
frozen,"Opening kill ratio
1.15",
frozen,"Opening kill rating
1.05",
frozen,"Team win percent after first kill
73.9%",
frozen,"First kill in won rounds
15.0%",Career
frozen,"First kill in won rounds
15.0%",1.13 (1398)
frozen,"First kill in won rounds
15.0%",1.13 (868)
frozen,"First kill in won rounds
15.0%",1.12 (530)
frozen,"First kill in won rounds
15.0%",1.09 (51)
xertioN,"Total opening kills
1329",
xertioN,"Total opening deaths
1354",
xertioN,"Opening kill ratio
0.98",
xertioN,"Opening kill rating
1.09",
xertioN,"Team win percent after first kill
75.2%",
xertioN,"First kill in won rounds
17.7%",Career
xertioN,"First kill in won rounds
17.7%",1.02 (400)
xertioN,"First kill in won rounds
17.7%",1.03 (236)
xertioN,"First kill in won rounds
17.7%",1.01 (164)
xertioN,"First kill in won rounds
17.7%",0.96 (23)
dexter,"Total opening kills
3528",
dexter,"Total opening deaths
3096",
dexter,"Opening kill ratio
1.14",
dexter,"Opening kill rating
1.08",
dexter,"Team win percent after first kill
75.8%",
dexter,"First kill in won rounds
16.1%",Career
dexter,"First kill in won rounds
16.1%",1.05 (1168)
dexter,"First kill in won rounds
16.1%",1.11 (726)
dexter,"First kill in won rounds
16.1%",0.96 (442)
dexter,"First kill in won rounds
16.1%",0.92 (53)
JDC,"Total opening kills
1772",
JDC,"Total opening deaths
1916",
JDC,"Opening kill ratio
0.92",
JDC,"Opening kill rating
0.97",
JDC,"Team win percent after first kill
69.2%",
JDC,"First kill in won rounds
13.1%",Career
JDC,"First kill in won rounds
13.1%",1.01 (710)
JDC,"First kill in won rounds
13.1%",1.03 (516)
JDC,"First kill in won rounds
13.1%",0.97 (194)
JDC,"First kill in won rounds
13.1%",0.86 (23)
torzsi,"Total opening kills
2093",
torzsi,"Total opening deaths
1359",
torzsi,"Opening kill ratio
1.54",
torzsi,"Opening kill rating
1.14",
torzsi,"Team win percent after first kill
76.5%",
torzsi,"First kill in won rounds
17.6%",Career
torzsi,"First kill in won rounds
17.6%",1.14 (665)
torzsi,"First kill in won rounds
17.6%",1.17 (427)
torzsi,"First kill in won rounds
17.6%",1.08 (238)
torzsi,"First kill in won rounds
17.6%",0.98 (23)
cadiaN,"Total opening kills
5563",
cadiaN,"Total opening deaths
4214",
cadiaN,"Opening kill ratio
1.32",
cadiaN,"Opening kill rating
1.14",
cadiaN,"Team win percent after first kill
75.3%",
cadiaN,"First kill in won rounds
18.3%",Career
cadiaN,"First kill in won rounds
18.3%",1.04 (1667)
cadiaN,"First kill in won rounds
18.3%",1.06 (1012)
cadiaN,"First kill in won rounds
18.3%",1.03 (655)
cadiaN,"First kill in won rounds
18.3%",1.03 (69)
sjuush,"Total opening kills
2529",
sjuush,"Total opening deaths
2408",
sjuush,"Opening kill ratio
1.05",
sjuush,"Opening kill rating
0.98",
sjuush,"Team win percent after first kill
73.5%",
sjuush,"First kill in won rounds
12.7%",Career
sjuush,"First kill in won rounds
12.7%",1.02 (1034)
sjuush,"First kill in won rounds
12.7%",1.03 (617)
sjuush,"First kill in won rounds
12.7%",1.01 (417)
sjuush,"First kill in won rounds
12.7%",0.96 (59)
stavn,"Total opening kills
3913",
stavn,"Total opening deaths
3595",
stavn,"Opening kill ratio
1.09",
stavn,"Opening kill rating
1.06",
stavn,"Team win percent after first kill
73.5%",
stavn,"First kill in won rounds
15.7%",Career
stavn,"First kill in won rounds
15.7%",1.05 (1306)
stavn,"First kill in won rounds
15.7%",1.05 (821)
stavn,"First kill in won rounds
15.7%",1.05 (485)
stavn,"First kill in won rounds
15.7%",1.10 (59)
TeSeS,"Total opening kills
2934",
TeSeS,"Total opening deaths
2884",
TeSeS,"Opening kill ratio
1.02",
TeSeS,"Opening kill rating
1.02",
TeSeS,"Team win percent after first kill
73.2%",
TeSeS,"First kill in won rounds
14.7%",Career
TeSeS,"First kill in won rounds
14.7%",1.04 (1041)
TeSeS,"First kill in won rounds
14.7%",1.06 (640)
TeSeS,"First kill in won rounds
14.7%",1.00 (401)
TeSeS,"First kill in won rounds
14.7%",0.93 (59)
jabbi,"Total opening kills
2467",
jabbi,"Total opening deaths
2528",
jabbi,"Opening kill ratio
0.98",
jabbi,"Opening kill rating
0.98",
jabbi,"Team win percent after first kill
73.1%",
jabbi,"First kill in won rounds
13.4%",Career
jabbi,"First kill in won rounds
13.4%",0.99 (968)
jabbi,"First kill in won rounds
13.4%",0.98 (710)
jabbi,"First kill in won rounds
13.4%",1.02 (258)
jabbi,"First kill in won rounds
13.4%",0.99 (51)
KSCERATO,"Total opening kills
2428",
KSCERATO,"Total opening deaths
1708",
KSCERATO,"Opening kill ratio
1.42",
KSCERATO,"Opening kill rating
1.00",
KSCERATO,"Team win percent after first kill
75.6%",
KSCERATO,"First kill in won rounds
12.2%",Career
KSCERATO,"First kill in won rounds
12.2%",1.14 (1071)
KSCERATO,"First kill in won rounds
12.2%",1.15 (694)
KSCERATO,"First kill in won rounds
12.2%",1.14 (377)
KSCERATO,"First kill in won rounds
12.2%",1.13 (49)
yuurih,"Total opening kills
2953",
yuurih,"Total opening deaths
2169",
yuurih,"Opening kill ratio
1.36",
yuurih,"Opening kill rating
1.03",
yuurih,"Team win percent after first kill
76.3%",
yuurih,"First kill in won rounds
13.8%",Career
yuurih,"First kill in won rounds
13.8%",1.11 (1164)
yuurih,"First kill in won rounds
13.8%",1.14 (781)
yuurih,"First kill in won rounds
13.8%",1.05 (383)
yuurih,"First kill in won rounds
13.8%",1.04 (49)
arT,"Total opening kills
5112",
arT,"Total opening deaths
5107",
arT,"Opening kill ratio
1.00",
arT,"Opening kill rating
1.24",
arT,"Team win percent after first kill
73.3%",
arT,"First kill in won rounds
23.4%",Career
arT,"First kill in won rounds
23.4%",0.99 (1150)
arT,"First kill in won rounds
23.4%",1.02 (763)
arT,"First kill in won rounds
23.4%",0.95 (387)
arT,"First kill in won rounds
23.4%",0.85 (49)
saffee,"Total opening kills
1751",
saffee,"Total opening deaths
1170",
saffee,"Opening kill ratio
1.50",
saffee,"Opening kill rating
1.13",
saffee,"Team win percent after first kill
75.3%",
saffee,"First kill in won rounds
16.8%",Career
saffee,"First kill in won rounds
16.8%",1.16 (556)
saffee,"First kill in won rounds
16.8%",1.20 (367)
saffee,"First kill in won rounds
16.8%",1.08 (189)
saffee,"First kill in won rounds
16.8%",1.05 (36)
drop,"Total opening kills
727",
drop,"Total opening deaths
805",
drop,"Opening kill ratio
0.90",
drop,"Opening kill rating
0.91",
drop,"Team win percent after first kill
72.1%",
drop,"First kill in won rounds
11.0%",Career
drop,"First kill in won rounds
11.0%",0.94 (351)
drop,"First kill in won rounds
11.0%",0.98 (172)
drop,"First kill in won rounds
11.0%",0.89 (179)
drop,"First kill in won rounds
11.0%",0.88 (37)
Grim,"Total opening kills
2952",
Grim,"Total opening deaths
3129",
Grim,"Opening kill ratio
0.94",
Grim,"Opening kill rating
0.99",
Grim,"Team win percent after first kill
72.8%",
Grim,"First kill in won rounds
14.3%",Career
Grim,"First kill in won rounds
14.3%",1.05 (1114)
Grim,"First kill in won rounds
14.3%",1.07 (857)
Grim,"First kill in won rounds
14.3%",0.98 (257)
Grim,"First kill in won rounds
14.3%",0.77 (15)
hallzerk,"Total opening kills
3106",
hallzerk,"Total opening deaths
2290",
hallzerk,"Opening kill ratio
1.36",
hallzerk,"Opening kill rating
1.12",
hallzerk,"Team win percent after first kill
74.1%",
hallzerk,"First kill in won rounds
17.8%",Career
hallzerk,"First kill in won rounds
17.8%",1.07 (952)
hallzerk,"First kill in won rounds
17.8%",1.06 (776)
hallzerk,"First kill in won rounds
17.8%",1.08 (176)
hallzerk,"First kill in won rounds
17.8%",0.91 (5)
floppy,"Total opening kills
2599",
floppy,"Total opening deaths
2419",
floppy,"Opening kill ratio
1.07",
floppy,"Opening kill rating
1.00",
floppy,"Team win percent after first kill
73.8%",
floppy,"First kill in won rounds
13.7%",Career
floppy,"First kill in won rounds
13.7%",1.07 (1032)
floppy,"First kill in won rounds
13.7%",1.08 (741)
floppy,"First kill in won rounds
13.7%",1.04 (291)
floppy,"First kill in won rounds
13.7%",0.81 (10)
FaNg,"Total opening kills
2204",
FaNg,"Total opening deaths
2189",
FaNg,"Opening kill ratio
1.01",
FaNg,"Opening kill rating
1.02",
FaNg,"Team win percent after first kill
74.3%",
FaNg,"First kill in won rounds
15.0%",Career
FaNg,"First kill in won rounds
15.0%",1.01 (801)
FaNg,"First kill in won rounds
15.0%",1.02 (661)
FaNg,"First kill in won rounds
15.0%",0.95 (140)
FaNg,"First kill in won rounds
15.0%",0.86 (10)
JT,"Total opening kills
3214",
JT,"Total opening deaths
3717",
JT,"Opening kill ratio
0.86",
JT,"Opening kill rating
0.96",
JT,"Team win percent after first kill
74.2%",
JT,"First kill in won rounds
13.6%",Career
JT,"First kill in won rounds
13.6%",0.93 (1280)
JT,"First kill in won rounds
13.6%",0.95 (1008)
JT,"First kill in won rounds
13.6%",0.85 (272)
JT,"First kill in won rounds
13.6%",0.79 (10)
roeJ,"Total opening kills
3802",
roeJ,"Total opening deaths
3480",
roeJ,"Opening kill ratio
1.09",
roeJ,"Opening kill rating
1.12",
roeJ,"Team win percent after first kill
72.7%",
roeJ,"First kill in won rounds
18.3%",Career
roeJ,"First kill in won rounds
18.3%",1.05 (1097)
roeJ,"First kill in won rounds
18.3%",1.07 (813)
roeJ,"First kill in won rounds
18.3%",1.00 (284)
roeJ,"First kill in won rounds
18.3%",0.95 (51)
nicoodoz,"Total opening kills
3157",
nicoodoz,"Total opening deaths
1906",
nicoodoz,"Opening kill ratio
1.66",
nicoodoz,"Opening kill rating
1.14",
nicoodoz,"Team win percent after first kill
75.2%",
nicoodoz,"First kill in won rounds
17.2%",Career
nicoodoz,"First kill in won rounds
17.2%",1.08 (1005)
nicoodoz,"First kill in won rounds
17.2%",1.09 (841)
nicoodoz,"First kill in won rounds
17.2%",1.07 (164)
nicoodoz,"First kill in won rounds
17.2%",1.06 (51)
KRIMZ,"Total opening kills
4558",
KRIMZ,"Total opening deaths
4248",
KRIMZ,"Opening kill ratio
1.07",
KRIMZ,"Opening kill rating
0.97",
KRIMZ,"Team win percent after first kill
74.4%",
KRIMZ,"First kill in won rounds
12.4%",Career
KRIMZ,"First kill in won rounds
12.4%",1.05 (1968)
KRIMZ,"First kill in won rounds
12.4%",1.03 (1023)
KRIMZ,"First kill in won rounds
12.4%",1.06 (945)
KRIMZ,"First kill in won rounds
12.4%",1.06 (131)
mezii,"Total opening kills
1694",
mezii,"Total opening deaths
1490",
mezii,"Opening kill ratio
1.14",
mezii,"Opening kill rating
0.98",
mezii,"Team win percent after first kill
72.1%",
mezii,"First kill in won rounds
12.5%",Career
mezii,"First kill in won rounds
12.5%",1.07 (716)
mezii,"First kill in won rounds
12.5%",1.08 (490)
mezii,"First kill in won rounds
12.5%",1.05 (226)
mezii,"First kill in won rounds
12.5%",1.00 (25)
FASHR,"Total opening kills
2755",
FASHR,"Total opening deaths
2822",
FASHR,"Opening kill ratio
0.98",
FASHR,"Opening kill rating
1.03",
FASHR,"Team win percent after first kill
73.0%",
FASHR,"First kill in won rounds
15.5%",Career
FASHR,"First kill in won rounds
15.5%",1.03 (952)
FASHR,"First kill in won rounds
15.5%",1.04 (762)
FASHR,"First kill in won rounds
15.5%",1.00 (190)
FASHR,"First kill in won rounds
15.5%",0.90 (25)
neaLaN,"Total opening kills
3195",
neaLaN,"Total opening deaths
3515",
neaLaN,"Opening kill ratio
0.91",
neaLaN,"Opening kill rating
0.98",
neaLaN,"Team win percent after first kill
71.3%",
neaLaN,"First kill in won rounds
14.1%",Career
neaLaN,"First kill in won rounds
14.1%",0.93 (1197)
neaLaN,"First kill in won rounds
14.1%",0.94 (1051)
neaLaN,"First kill in won rounds
14.1%",0.88 (146)
neaLaN,"First kill in won rounds
14.1%",0.96 (13)
CeRq,"Total opening kills
4009",
CeRq,"Total opening deaths
2803",
CeRq,"Opening kill ratio
1.43",
CeRq,"Opening kill rating
1.15",
CeRq,"Team win percent after first kill
75.1%",
CeRq,"First kill in won rounds
17.9%",Career
CeRq,"First kill in won rounds
17.9%",1.10 (1231)
CeRq,"First kill in won rounds
17.9%",1.12 (780)
CeRq,"First kill in won rounds
17.9%",1.06 (450)
CeRq,"First kill in won rounds
17.9%",1.03 (31)
HexT,"Total opening kills
2058",
HexT,"Total opening deaths
2071",
HexT,"Opening kill ratio
0.99",
HexT,"Opening kill rating
1.02",
HexT,"Team win percent after first kill
72.0%",
HexT,"First kill in won rounds
15.1%",Career
HexT,"First kill in won rounds
15.1%",1.01 (740)
HexT,"First kill in won rounds
15.1%",1.01 (634)
HexT,"First kill in won rounds
15.1%",0.96 (106)
HexT,"First kill in won rounds
15.1%",0.71 (5)
autimatic,"Total opening kills
3693",
autimatic,"Total opening deaths
3168",
autimatic,"Opening kill ratio
1.17",
autimatic,"Opening kill rating
1.04",
autimatic,"Team win percent after first kill
73.9%",
autimatic,"First kill in won rounds
15.0%",Career
autimatic,"First kill in won rounds
15.0%",1.07 (1355)
autimatic,"First kill in won rounds
15.0%",1.08 (800)
autimatic,"First kill in won rounds
15.0%",1.05 (555)
autimatic,"First kill in won rounds
15.0%",1.12 (45)
Brehze,"Total opening kills
3338",
Brehze,"Total opening deaths
3018",
Brehze,"Opening kill ratio
1.11",
Brehze,"Opening kill rating
1.02",
Brehze,"Team win percent after first kill
73.4%",
Brehze,"First kill in won rounds
14.4%",Career
Brehze,"First kill in won rounds
14.4%",1.09 (1259)
Brehze,"First kill in won rounds
14.4%",1.10 (770)
Brehze,"First kill in won rounds
14.4%",1.08 (489)
Brehze,"First kill in won rounds
14.4%",1.10 (31)
alex,"Total opening kills
3973",
alex,"Total opening deaths
3875",
alex,"Opening kill ratio
1.03",
alex,"Opening kill rating
1.00",
alex,"Team win percent after first kill
72.2%",
alex,"First kill in won rounds
14.3%",Career
alex,"First kill in won rounds
14.3%",1.02 (1501)
alex,"First kill in won rounds
14.3%",1.02 (1218)
alex,"First kill in won rounds
14.3%",1.04 (283)
alex,"First kill in won rounds
14.3%",0.95 (8)
dav1g,"Total opening kills
1066",
dav1g,"Total opening deaths
1317",
dav1g,"Opening kill ratio
0.81",
dav1g,"Opening kill rating
0.93",
dav1g,"Team win percent after first kill
71.0%",
dav1g,"First kill in won rounds
12.8%",Career
dav1g,"First kill in won rounds
12.8%",0.87 (444)
dav1g,"First kill in won rounds
12.8%",0.87 (305)
dav1g,"First kill in won rounds
12.8%",0.86 (139)
dav1g,"First kill in won rounds
12.8%",0.77 (8)
Martinez,"Total opening kills
793",
Martinez,"Total opening deaths
457",
Martinez,"Opening kill ratio
1.74",
Martinez,"Opening kill rating
1.17",
Martinez,"Team win percent after first kill
72.4%",
Martinez,"First kill in won rounds
19.2%",Career
Martinez,"First kill in won rounds
19.2%",1.08 (243)
Martinez,"First kill in won rounds
19.2%",1.10 (180)
Martinez,"First kill in won rounds
19.2%",1.03 (63)
Martinez,"First kill in won rounds
19.2%",-
DeathZz,"Total opening kills
1056",
DeathZz,"Total opening deaths
1115",
DeathZz,"Opening kill ratio
0.95",
DeathZz,"Opening kill rating
0.90",
DeathZz,"Team win percent after first kill
70.7%",
DeathZz,"First kill in won rounds
10.2%",Career
DeathZz,"First kill in won rounds
10.2%",0.98 (551)
DeathZz,"First kill in won rounds
10.2%",0.98 (378)
DeathZz,"First kill in won rounds
10.2%",0.98 (173)
DeathZz,"First kill in won rounds
10.2%",0.92 (8)
mopoz,"Total opening kills
4065",
mopoz,"Total opening deaths
4751",
mopoz,"Opening kill ratio
0.86",
mopoz,"Opening kill rating
1.01",
mopoz,"Team win percent after first kill
71.1%",
mopoz,"First kill in won rounds
15.9%",Career
mopoz,"First kill in won rounds
15.9%",0.99 (1355)
mopoz,"First kill in won rounds
15.9%",0.99 (1121)
mopoz,"First kill in won rounds
15.9%",0.98 (234)
mopoz,"First kill in won rounds
15.9%",0.98 (8)
XANTARES,"Total opening kills
7538",
XANTARES,"Total opening deaths
5821",
XANTARES,"Opening kill ratio
1.29",
XANTARES,"Opening kill rating
1.19",
XANTARES,"Team win percent after first kill
74.9%",
XANTARES,"First kill in won rounds
19.8%",Career
XANTARES,"First kill in won rounds
19.8%",1.17 (2029)
XANTARES,"First kill in won rounds
19.8%",1.17 (1607)
XANTARES,"First kill in won rounds
19.8%",1.14 (422)
XANTARES,"First kill in won rounds
19.8%",1.06 (22)
woxic,"Total opening kills
4179",
woxic,"Total opening deaths
2779",
woxic,"Opening kill ratio
1.50",
woxic,"Opening kill rating
1.13",
woxic,"Team win percent after first kill
75.8%",
woxic,"First kill in won rounds
17.1%",Career
woxic,"First kill in won rounds
17.1%",1.12 (1342)
woxic,"First kill in won rounds
17.1%",1.10 (965)
woxic,"First kill in won rounds
17.1%",1.14 (377)
woxic,"First kill in won rounds
17.1%",1.06 (36)
imoRR,"Total opening kills
3329",
imoRR,"Total opening deaths
3167",
imoRR,"Opening kill ratio
1.05",
imoRR,"Opening kill rating
1.18",
imoRR,"Team win percent after first kill
72.8%",
imoRR,"First kill in won rounds
21.4%",Career
imoRR,"First kill in won rounds
21.4%",1.02 (818)
imoRR,"First kill in won rounds
21.4%",1.03 (717)
imoRR,"First kill in won rounds
21.4%",0.99 (101)
imoRR,"First kill in won rounds
21.4%",0.81 (5)
paz,"Total opening kills
2690",
paz,"Total opening deaths
2599",
paz,"Opening kill ratio
1.04",
paz,"Opening kill rating
0.97",
paz,"Team win percent after first kill
73.6%",
paz,"First kill in won rounds
12.5%",Career
paz,"First kill in won rounds
12.5%",1.06 (1147)
paz,"First kill in won rounds
12.5%",1.05 (909)
paz,"First kill in won rounds
12.5%",1.09 (238)
paz,"First kill in won rounds
12.5%",1.08 (12)
MAJ3R,"Total opening kills
3204",
MAJ3R,"Total opening deaths
3340",
MAJ3R,"Opening kill ratio
0.96",
MAJ3R,"Opening kill rating
0.98",
MAJ3R,"Team win percent after first kill
73.3%",
MAJ3R,"First kill in won rounds
13.3%",Career
MAJ3R,"First kill in won rounds
13.3%",0.95 (1282)
MAJ3R,"First kill in won rounds
13.3%",0.95 (1000)
MAJ3R,"First kill in won rounds
13.3%",0.94 (282)
MAJ3R,"First kill in won rounds
13.3%",0.87 (12)
k0nfig,"Total opening kills
5513",
k0nfig,"Total opening deaths
5500",
k0nfig,"Opening kill ratio
1.00",
k0nfig,"Opening kill rating
1.06",
k0nfig,"Team win percent after first kill
72.9%",
k0nfig,"First kill in won rounds
16.8%",Career
k0nfig,"First kill in won rounds
16.8%",1.07 (1748)
k0nfig,"First kill in won rounds
16.8%",1.08 (1122)
k0nfig,"First kill in won rounds
16.8%",1.07 (626)
k0nfig,"First kill in won rounds
16.8%",1.00 (47)
blameF,"Total opening kills
3658",
blameF,"Total opening deaths
2459",
blameF,"Opening kill ratio
1.49",
blameF,"Opening kill rating
1.15",
blameF,"Team win percent after first kill
75.3%",
blameF,"First kill in won rounds
18.1%",Career
blameF,"First kill in won rounds
18.1%",1.16 (1107)
blameF,"First kill in won rounds
18.1%",1.17 (763)
blameF,"First kill in won rounds
18.1%",1.13 (344)
blameF,"First kill in won rounds
18.1%",1.38 (7)
Farlig,"Total opening kills
2876",
Farlig,"Total opening deaths
1885",
Farlig,"Opening kill ratio
1.53",
Farlig,"Opening kill rating
1.14",
Farlig,"Team win percent after first kill
74.1%",
Farlig,"First kill in won rounds
17.6%",Career
Farlig,"First kill in won rounds
17.6%",1.08 (881)
Farlig,"First kill in won rounds
17.6%",1.09 (724)
Farlig,"First kill in won rounds
17.6%",1.01 (157)
Farlig,"First kill in won rounds
17.6%",0.82 (7)
gla1ve,"Total opening kills
5045",
gla1ve,"Total opening deaths
5260",
gla1ve,"Opening kill ratio
0.96",
gla1ve,"Opening kill rating
1.00",
gla1ve,"Team win percent after first kill
75.2%",
gla1ve,"First kill in won rounds
14.3%",Career
gla1ve,"First kill in won rounds
14.3%",0.98 (1860)
gla1ve,"First kill in won rounds
14.3%",0.98 (995)
gla1ve,"First kill in won rounds
14.3%",0.97 (865)
gla1ve,"First kill in won rounds
14.3%",0.96 (103)
Xyp9x,"Total opening kills
4232",
Xyp9x,"Total opening deaths
3936",
Xyp9x,"Opening kill ratio
1.08",
Xyp9x,"Opening kill rating
0.92",
Xyp9x,"Team win percent after first kill
76.3%",
Xyp9x,"First kill in won rounds
10.3%",Career
Xyp9x,"First kill in won rounds
10.3%",1.01 (2188)
Xyp9x,"First kill in won rounds
10.3%",1.02 (1075)
Xyp9x,"First kill in won rounds
10.3%",1.00 (1112)
Xyp9x,"First kill in won rounds
10.3%",1.03 (137)
Ex3rcice,"Total opening kills
1487",
Ex3rcice,"Total opening deaths
1557",
Ex3rcice,"Opening kill ratio
0.96",
Ex3rcice,"Opening kill rating
0.93",
Ex3rcice,"Team win percent after first kill
73.8%",
Ex3rcice,"First kill in won rounds
11.5%",Career
Ex3rcice,"First kill in won rounds
11.5%",0.98 (686)
Ex3rcice,"First kill in won rounds
11.5%",0.99 (636)
Ex3rcice,"First kill in won rounds
11.5%",0.93 (50)
Ex3rcice,"First kill in won rounds
11.5%",-
afro,"Total opening kills
2679",
afro,"Total opening deaths
2069",
afro,"Opening kill ratio
1.29",
afro,"Opening kill rating
1.13",
afro,"Team win percent after first kill
73.0%",
afro,"First kill in won rounds
17.6%",Career
afro,"First kill in won rounds
17.6%",1.07 (801)
afro,"First kill in won rounds
17.6%",1.07 (719)
afro,"First kill in won rounds
17.6%",1.07 (82)
afro,"First kill in won rounds
17.6%",-
JACKZ,"Total opening kills
3459",
JACKZ,"Total opening deaths
3729",
JACKZ,"Opening kill ratio
0.93",
JACKZ,"Opening kill rating
1.00",
JACKZ,"Team win percent after first kill
73.1%",
JACKZ,"First kill in won rounds
14.9%",Career
JACKZ,"First kill in won rounds
14.9%",0.98 (1236)
JACKZ,"First kill in won rounds
14.9%",0.98 (765)
JACKZ,"First kill in won rounds
14.9%",0.98 (471)
JACKZ,"First kill in won rounds
14.9%",0.92 (55)
bodyy,"Total opening kills
4652",
bodyy,"Total opening deaths
4735",
bodyy,"Opening kill ratio
0.98",
bodyy,"Opening kill rating
1.04",
bodyy,"Team win percent after first kill
73.2%",
bodyy,"First kill in won rounds
15.8%",Career
bodyy,"First kill in won rounds
15.8%",0.99 (1569)
bodyy,"First kill in won rounds
15.8%",1.01 (1158)
bodyy,"First kill in won rounds
15.8%",0.95 (411)
bodyy,"First kill in won rounds
15.8%",0.92 (39)
Djoko,"Total opening kills
2589",
Djoko,"Total opening deaths
2832",
Djoko,"Opening kill ratio
0.91",
Djoko,"Opening kill rating
1.02",
Djoko,"Team win percent after first kill
73.1%",
Djoko,"First kill in won rounds
15.8%",Career
Djoko,"First kill in won rounds
15.8%",1.00 (863)
Djoko,"First kill in won rounds
15.8%",1.00 (813)
Djoko,"First kill in won rounds
15.8%",0.94 (50)
Djoko,"First kill in won rounds
15.8%",-
SunPayus,"Total opening kills
1801",
SunPayus,"Total opening deaths
1108",
SunPayus,"Opening kill ratio
1.63",
SunPayus,"Opening kill rating
1.17",
SunPayus,"Team win percent after first kill
73.6%",
SunPayus,"First kill in won rounds
18.4%",Career
SunPayus,"First kill in won rounds
18.4%",1.12 (529)
SunPayus,"First kill in won rounds
18.4%",1.12 (284)
SunPayus,"First kill in won rounds
18.4%",1.11 (245)
SunPayus,"First kill in won rounds
18.4%",1.01 (26)
dycha,"Total opening kills
2877",
dycha,"Opening kill rating
1.03",
dycha,"Team win percent after first kill
72.3%",
dycha,"Opening kill ratio
1.02",
dycha,"Total opening deaths
2817",
dycha,"First kill in won rounds
14.7%",Career
dycha,"First kill in won rounds
14.7%",1.06 (1006)
dycha,"First kill in won rounds
14.7%",1.08 (674)
dycha,"First kill in won rounds
14.7%",1.03 (332)
dycha,"First kill in won rounds
14.7%",1.02 (45)
valde,"Total opening kills
3346",
valde,"Total opening deaths
2703",
valde,"Opening kill ratio
1.24",
valde,"Opening kill rating
1.01",
valde,"Team win percent after first kill
75.3%",
valde,"First kill in won rounds
13.6%",Career
valde,"First kill in won rounds
13.6%",1.08 (1347)
valde,"First kill in won rounds
13.6%",1.08 (841)
valde,"First kill in won rounds
13.6%",1.07 (506)
valde,"First kill in won rounds
13.6%",0.93 (28)
Maden,"Total opening kills
2877",
Maden,"Total opening deaths
2956",
Maden,"Opening kill ratio
0.97",
Maden,"Opening kill rating
1.06",
Maden,"Team win percent after first kill
71.4%",
Maden,"First kill in won rounds
16.8%",Career
Maden,"First kill in won rounds
16.8%",1.01 (897)
Maden,"First kill in won rounds
16.8%",1.03 (588)
Maden,"First kill in won rounds
16.8%",0.98 (309)
Maden,"First kill in won rounds
16.8%",0.94 (35)
Snappi,"Total opening kills
4356",
Snappi,"Total opening deaths
4320",
Snappi,"Opening kill ratio
1.01",
Snappi,"Opening kill rating
0.97",
Snappi,"Team win percent after first kill
75.8%",
Snappi,"First kill in won rounds
13.5%",Career
Snappi,"First kill in won rounds
13.5%",0.95 (1794)
Snappi,"First kill in won rounds
13.5%",0.97 (1123)
Snappi,"First kill in won rounds
13.5%",0.91 (671)
Snappi,"First kill in won rounds
13.5%",0.85 (51)
brnz4n,"Total opening kills
1453",
brnz4n,"Total opening deaths
1314",
brnz4n,"Opening kill ratio
1.11",
brnz4n,"Opening kill rating
1.15",
brnz4n,"Team win percent after first kill
72.4%",
brnz4n,"First kill in won rounds
19.1%",Career
brnz4n,"First kill in won rounds
19.1%",1.05 (393)
brnz4n,"First kill in won rounds
19.1%",1.08 (303)
brnz4n,"First kill in won rounds
19.1%",0.95 (90)
brnz4n,"First kill in won rounds
19.1%",-
HEN1,"Total opening kills
3796",
HEN1,"Total opening deaths
2375",
HEN1,"Opening kill ratio
1.60",
HEN1,"Opening kill rating
1.08",
HEN1,"Team win percent after first kill
74.4%",
HEN1,"First kill in won rounds
14.7%",Career
HEN1,"First kill in won rounds
14.7%",1.11 (1394)
HEN1,"First kill in won rounds
14.7%",1.12 (981)
HEN1,"First kill in won rounds
14.7%",1.07 (413)
HEN1,"First kill in won rounds
14.7%",1.04 (13)
JOTA,"Total opening kills
1705",
JOTA,"Total opening deaths
1460",
JOTA,"Opening kill ratio
1.17",
JOTA,"Opening kill rating
1.04",
JOTA,"Team win percent after first kill
74.1%",
JOTA,"First kill in won rounds
14.6%",Career
JOTA,"First kill in won rounds
14.6%",1.08 (632)
JOTA,"First kill in won rounds
14.6%",1.10 (519)
JOTA,"First kill in won rounds
14.6%",1.00 (113)
JOTA,"First kill in won rounds
14.6%",1.08 (8)
exit,"Total opening kills
1866",
exit,"Total opening deaths
1504",
exit,"Opening kill ratio
1.24",
exit,"Opening kill rating
0.92",
exit,"Team win percent after first kill
73.7%",
exit,"First kill in won rounds
9.7%",Career
exit,"First kill in won rounds
9.7%",1.08 (1040)
exit,"First kill in won rounds
9.7%",1.09 (827)
exit,"First kill in won rounds
9.7%",1.02 (213)
exit,"First kill in won rounds
9.7%",0.97 (8)
Tuurtle,"Total opening kills
3104",
Tuurtle,"Total opening deaths
3116",
Tuurtle,"Opening kill ratio
1.00",
Tuurtle,"Opening kill rating
1.03",
Tuurtle,"Team win percent after first kill
74.2%",
Tuurtle,"First kill in won rounds
15.4%",Career
Tuurtle,"First kill in won rounds
15.4%",1.01 (1083)
Tuurtle,"First kill in won rounds
15.4%",1.04 (886)
Tuurtle,"First kill in won rounds
15.4%",0.91 (197)
Tuurtle,"First kill in won rounds
15.4%",1.08 (8)
stadodo,"Total opening kills
3229",
stadodo,"Total opening deaths
2517",
stadodo,"Opening kill ratio
1.28",
stadodo,"Opening kill rating
1.13",
stadodo,"Team win percent after first kill
71.9%",
stadodo,"First kill in won rounds
18.0%",Career
stadodo,"First kill in won rounds
18.0%",1.01 (973)
stadodo,"First kill in won rounds
18.0%",1.00 (808)
stadodo,"First kill in won rounds
18.0%",1.04 (165)
stadodo,"First kill in won rounds
18.0%",-
arrozdoce,"Total opening kills
995",
arrozdoce,"Total opening deaths
1040",
arrozdoce,"Opening kill ratio
0.96",
arrozdoce,"Opening kill rating
0.97",
arrozdoce,"Team win percent after first kill
71.8%",
arrozdoce,"First kill in won rounds
13.7%",Career
arrozdoce,"First kill in won rounds
13.7%",0.97 (398)
arrozdoce,"First kill in won rounds
13.7%",0.96 (331)
arrozdoce,"First kill in won rounds
13.7%",1.01 (67)
arrozdoce,"First kill in won rounds
13.7%",-
Ag1l,"Total opening kills
530",
Ag1l,"Total opening deaths
596",
Ag1l,"Opening kill ratio
0.89",
Ag1l,"Opening kill rating
0.88",
Ag1l,"Team win percent after first kill
69.2%",
Ag1l,"First kill in won rounds
9.6%",Career
Ag1l,"First kill in won rounds
9.6%",0.95 (302)
Ag1l,"First kill in won rounds
9.6%",0.94 (225)
Ag1l,"First kill in won rounds
9.6%",1.00 (77)
Ag1l,"First kill in won rounds
9.6%",-
kst,"Total opening kills
349",
kst,"Total opening deaths
366",
kst,"Opening kill ratio
0.95",
kst,"Opening kill rating
0.91",
kst,"Team win percent after first kill
72.8%",
kst,"First kill in won rounds
11.5%",Career
kst,"First kill in won rounds
11.5%",0.98 (172)
kst,"First kill in won rounds
11.5%",1.00 (126)
kst,"First kill in won rounds
11.5%",0.92 (46)
kst,"First kill in won rounds
11.5%",-
DDias,"Total opening kills
1044",
DDias,"Total opening deaths
1392",
DDias,"Opening kill ratio
0.75",
DDias,"Opening kill rating
1.03",
DDias,"Team win percent after first kill
69.8%",
DDias,"First kill in won rounds
19.2%",Career
DDias,"First kill in won rounds
19.2%",0.86 (298)
DDias,"First kill in won rounds
19.2%",0.85 (215)
DDias,"First kill in won rounds
19.2%",0.87 (83)
DDias,"First kill in won rounds
19.2%",-
k1to,"Total opening kills
4454",
k1to,"Total opening deaths
4972",
k1to,"Opening kill ratio
0.90",
k1to,"Opening kill rating
1.01",
k1to,"Team win percent after first kill
73.8%",
k1to,"First kill in won rounds
15.4%",Career
k1to,"First kill in won rounds
15.4%",0.98 (1542)
k1to,"First kill in won rounds
15.4%",0.98 (1225)
k1to,"First kill in won rounds
15.4%",0.98 (317)
k1to,"First kill in won rounds
15.4%",0.98 (22)
faveN,"Total opening kills
4126",
faveN,"Total opening deaths
3637",
faveN,"Opening kill ratio
1.13",
faveN,"Opening kill rating
1.03",
faveN,"Team win percent after first kill
71.6%",
faveN,"First kill in won rounds
14.0%",Career
faveN,"First kill in won rounds
14.0%",1.08 (1512)
faveN,"First kill in won rounds
14.0%",1.10 (1247)
faveN,"First kill in won rounds
14.0%",0.98 (265)
faveN,"First kill in won rounds
14.0%",1.07 (6)
syrsoN,"Total opening kills
6866",
syrsoN,"Total opening deaths
4806",
syrsoN,"Opening kill ratio
1.43",
syrsoN,"Opening kill rating
1.20",
syrsoN,"Team win percent after first kill
75.7%",
syrsoN,"First kill in won rounds
20.3%",Career
syrsoN,"First kill in won rounds
20.3%",1.09 (1869)
syrsoN,"First kill in won rounds
20.3%",1.10 (1504)
syrsoN,"First kill in won rounds
20.3%",1.09 (365)
syrsoN,"First kill in won rounds
20.3%",1.11 (28)
tabseN,"Total opening kills
7034",
tabseN,"Total opening deaths
7246",
tabseN,"Opening kill ratio
0.97",
tabseN,"Opening kill rating
1.05",
tabseN,"Team win percent after first kill
73.0%",
tabseN,"First kill in won rounds
17.0%",Career
tabseN,"First kill in won rounds
17.0%",1.04 (2249)
tabseN,"First kill in won rounds
17.0%",1.04 (1605)
tabseN,"First kill in won rounds
17.0%",1.05 (644)
tabseN,"First kill in won rounds
17.0%",1.00 (57)
Krimbo,"Total opening kills
1655",
Krimbo,"Total opening deaths
1362",
Krimbo,"Opening kill ratio
1.22",
Krimbo,"Opening kill rating
1.00",
Krimbo,"Team win percent after first kill
72.1%",
Krimbo,"First kill in won rounds
13.1%",Career
Krimbo,"First kill in won rounds
13.1%",1.07 (678)
Krimbo,"First kill in won rounds
13.1%",1.10 (472)
Krimbo,"First kill in won rounds
13.1%",1.02 (206)
Krimbo,"First kill in won rounds
13.1%",0.94 (19)
REZ,"Total opening kills
4413",
REZ,"Total opening deaths
4247",
REZ,"Opening kill ratio
1.04",
REZ,"Opening kill rating
1.03",
REZ,"Team win percent after first kill
72.8%",
REZ,"First kill in won rounds
15.3%",Career
REZ,"First kill in won rounds
15.3%",1.03 (1555)
REZ,"First kill in won rounds
15.3%",1.03 (846)
REZ,"First kill in won rounds
15.3%",1.03 (709)
REZ,"First kill in won rounds
15.3%",1.00 (70)
Brollan,"Total opening kills
3970",
Brollan,"Total opening deaths
3834",
Brollan,"Opening kill ratio
1.04",
Brollan,"Opening kill rating
1.09",
Brollan,"Team win percent after first kill
72.9%",
Brollan,"First kill in won rounds
17.8%",Career
Brollan,"First kill in won rounds
17.8%",1.05 (1190)
Brollan,"First kill in won rounds
17.8%",1.08 (681)
Brollan,"First kill in won rounds
17.8%",1.01 (509)
Brollan,"First kill in won rounds
17.8%",0.98 (33)
Plopski,"Total opening kills
3035",
Plopski,"Total opening deaths
3105",
Plopski,"Opening kill ratio
0.98",
Plopski,"Opening kill rating
0.98",
Plopski,"Team win percent after first kill
71.2%",
Plopski,"First kill in won rounds
13.3%",Career
Plopski,"First kill in won rounds
13.3%",1.01 (1195)
Plopski,"First kill in won rounds
13.3%",1.02 (887)
Plopski,"First kill in won rounds
13.3%",0.97 (308)
Plopski,"First kill in won rounds
13.3%",0.83 (21)
es3tag,"Total opening kills
3928",
es3tag,"Total opening deaths
3728",
es3tag,"Opening kill ratio
1.05",
es3tag,"Opening kill rating
1.03",
es3tag,"Team win percent after first kill
73.4%",
es3tag,"First kill in won rounds
15.4%",Career
es3tag,"First kill in won rounds
15.4%",1.01 (1397)
es3tag,"First kill in won rounds
15.4%",1.03 (941)
es3tag,"First kill in won rounds
15.4%",0.98 (456)
es3tag,"First kill in won rounds
15.4%",0.99 (14)
hampus,"Total opening kills
4478",
hampus,"Total opening deaths
4873",
hampus,"Opening kill ratio
0.92",
hampus,"Opening kill rating
1.03",
hampus,"Team win percent after first kill
74.2%",
hampus,"First kill in won rounds
16.7%",Career
hampus,"First kill in won rounds
16.7%",1.01 (1457)
hampus,"First kill in won rounds
16.7%",1.02 (1076)
hampus,"First kill in won rounds
16.7%",0.98 (381)
hampus,"First kill in won rounds
16.7%",1.02 (25)
NertZ,"Total opening kills
1545",
NertZ,"Total opening deaths
1312",
NertZ,"Opening kill ratio
1.18",
NertZ,"Opening kill rating
1.13",
NertZ,"Team win percent after first kill
74.2%",
NertZ,"First kill in won rounds
18.5%",Career
NertZ,"First kill in won rounds
18.5%",1.10 (452)
NertZ,"First kill in won rounds
18.5%",1.10 (279)
NertZ,"First kill in won rounds
18.5%",1.11 (173)
NertZ,"First kill in won rounds
18.5%",1.07 (10)
CRUC1AL,"Total opening kills
5601",
CRUC1AL,"Total opening deaths
3948",
CRUC1AL,"Opening kill ratio
1.42",
CRUC1AL,"Opening kill rating
1.14",
CRUC1AL,"Team win percent after first kill
74.6%",
CRUC1AL,"First kill in won rounds
18.4%",Career
CRUC1AL,"First kill in won rounds
18.4%",1.06 (1704)
CRUC1AL,"First kill in won rounds
18.4%",1.06 (1538)
CRUC1AL,"First kill in won rounds
18.4%",1.04 (166)
CRUC1AL,"First kill in won rounds
18.4%",1.10 (10)
MiGHTYMAX,"Total opening kills
3173",
MiGHTYMAX,"Total opening deaths
4255",
MiGHTYMAX,"Opening kill ratio
0.75",
MiGHTYMAX,"Opening kill rating
0.88",
MiGHTYMAX,"Team win percent after first kill
71.4%",
MiGHTYMAX,"First kill in won rounds
11.2%",Career
MiGHTYMAX,"First kill in won rounds
11.2%",0.89 (1516)
MiGHTYMAX,"First kill in won rounds
11.2%",0.88 (1347)
MiGHTYMAX,"First kill in won rounds
11.2%",0.95 (169)
MiGHTYMAX,"First kill in won rounds
11.2%",-
Kjaerbye,"Total opening kills
3988",
Kjaerbye,"Total opening deaths
4143",
Kjaerbye,"Opening kill ratio
0.96",
Kjaerbye,"Opening kill rating
0.99",
Kjaerbye,"Team win percent after first kill
73.7%",
Kjaerbye,"First kill in won rounds
13.8%",Career
Kjaerbye,"First kill in won rounds
13.8%",1.04 (1552)
Kjaerbye,"First kill in won rounds
13.8%",1.05 (897)
Kjaerbye,"First kill in won rounds
13.8%",1.03 (655)
Kjaerbye,"First kill in won rounds
13.8%",1.07 (47)
Surreal,"Total opening kills
4842",
Surreal,"Total opening deaths
5097",
Surreal,"Opening kill ratio
0.95",
Surreal,"Opening kill rating
0.99",
Surreal,"Team win percent after first kill
70.9%",
Surreal,"First kill in won rounds
13.9%",Career
Surreal,"First kill in won rounds
13.9%",0.96 (1860)
Surreal,"First kill in won rounds
13.9%",0.96 (1707)
Surreal,"First kill in won rounds
13.9%",0.94 (153)
Surreal,"First kill in won rounds
13.9%",-
s1ren,"Total opening kills
761",
s1ren,"Total opening deaths
849",
s1ren,"Opening kill ratio
0.90",
s1ren,"Opening kill rating
0.92",
s1ren,"Team win percent after first kill
72.7%",
s1ren,"First kill in won rounds
11.5%",Career
s1ren,"First kill in won rounds
11.5%",0.99 (352)
s1ren,"First kill in won rounds
11.5%",0.98 (236)
s1ren,"First kill in won rounds
11.5%",0.99 (116)
s1ren,"First kill in won rounds
11.5%",0.99 (24)
Patsi,"Total opening kills
2164",
Patsi,"Total opening deaths
2208",
Patsi,"Opening kill ratio
0.98",
Patsi,"Opening kill rating
1.07",
Patsi,"Team win percent after first kill
74.3%",
Patsi,"First kill in won rounds
17.4%",Career
Patsi,"First kill in won rounds
17.4%",1.02 (665)
Patsi,"First kill in won rounds
17.4%",1.03 (506)
Patsi,"First kill in won rounds
17.4%",1.00 (159)
Patsi,"First kill in won rounds
17.4%",1.06 (24)
w0nderful,"Total opening kills
1156",
w0nderful,"Total opening deaths
664",
w0nderful,"Opening kill ratio
1.74",
w0nderful,"Opening kill rating
1.10",
w0nderful,"Team win percent after first kill
74.7%",
w0nderful,"First kill in won rounds
15.5%",Career
w0nderful,"First kill in won rounds
15.5%",1.18 (407)
w0nderful,"First kill in won rounds
15.5%",1.21 (313)
w0nderful,"First kill in won rounds
15.5%",1.11 (94)
w0nderful,"First kill in won rounds
15.5%",1.20 (10)
chopper,"Total opening kills
3264",
chopper,"Total opening deaths
3652",
chopper,"Opening kill ratio
0.89",
chopper,"Opening kill rating
0.97",
chopper,"Team win percent after first kill
70.9%",
chopper,"First kill in won rounds
13.0%",Career
chopper,"First kill in won rounds
13.0%",0.96 (1296)
chopper,"First kill in won rounds
13.0%",0.95 (959)
chopper,"First kill in won rounds
13.0%",0.98 (337)
chopper,"First kill in won rounds
13.0%",0.95 (60)
magixx,"Total opening kills
1993",
magixx,"Total opening deaths
1982",
magixx,"Opening kill ratio
1.01",
magixx,"Opening kill rating
0.97",
magixx,"Team win percent after first kill
75.3%",
magixx,"First kill in won rounds
12.8%",Career
magixx,"First kill in won rounds
12.8%",1.00 (835)
magixx,"First kill in won rounds
12.8%",1.01 (671)
magixx,"First kill in won rounds
12.8%",0.98 (164)
magixx,"First kill in won rounds
12.8%",1.03 (32)
s1n,"Total opening kills
1259",
s1n,"Total opening deaths
1263",
s1n,"Opening kill ratio
1.00",
s1n,"Opening kill rating
0.97",
s1n,"Team win percent after first kill
72.9%",
s1n,"First kill in won rounds
12.8%",Career
s1n,"First kill in won rounds
12.8%",1.01 (528)
s1n,"First kill in won rounds
12.8%",1.02 (425)
s1n,"First kill in won rounds
12.8%",0.97 (103)
s1n,"First kill in won rounds
12.8%",0.93 (13)
Zyphon,"Total opening kills
2098",
Zyphon,"Total opening deaths
2048",
Zyphon,"Opening kill ratio
1.02",
Zyphon,"Opening kill rating
1.02",
Zyphon,"Team win percent after first kill
72.4%",
Zyphon,"First kill in won rounds
14.4%",Career
Zyphon,"First kill in won rounds
14.4%",1.02 (763)
Zyphon,"First kill in won rounds
14.4%",1.03 (678)
Zyphon,"First kill in won rounds
14.4%",0.98 (85)
Zyphon,"First kill in won rounds
14.4%",1.05 (32)
refrezh,"Total opening kills
3020",
refrezh,"Total opening deaths
2894",
refrezh,"Opening kill ratio
1.04",
refrezh,"Opening kill rating
0.98",
refrezh,"Team win percent after first kill
72.4%",
refrezh,"First kill in won rounds
12.8%",Career
refrezh,"First kill in won rounds
12.8%",1.02 (1249)
refrezh,"First kill in won rounds
12.8%",1.05 (969)
refrezh,"First kill in won rounds
12.8%",0.95 (280)
refrezh,"First kill in won rounds
12.8%",0.87 (40)
Staehr,"Total opening kills
1644",
Staehr,"Total opening deaths
1614",
Staehr,"Opening kill ratio
1.02",
Staehr,"Opening kill rating
1.05",
Staehr,"Team win percent after first kill
72.1%",
Staehr,"First kill in won rounds
16.1%",Career
Staehr,"First kill in won rounds
16.1%",1.02 (533)
Staehr,"First kill in won rounds
16.1%",1.02 (401)
Staehr,"First kill in won rounds
16.1%",1.02 (132)
Staehr,"First kill in won rounds
16.1%",0.91 (6)
slaxz-,"Total opening kills
4498",
slaxz-,"Total opening deaths
2850",
slaxz-,"Opening kill ratio
1.58",
slaxz-,"Opening kill rating
1.18",
slaxz-,"Team win percent after first kill
73.3%",
slaxz-,"First kill in won rounds
18.6%",Career
slaxz-,"First kill in won rounds
18.6%",1.08 (1284)
slaxz-,"First kill in won rounds
18.6%",1.09 (1154)
slaxz-,"First kill in won rounds
18.6%",1.01 (130)
slaxz-,"First kill in won rounds
18.6%",0.69 (6)
gxx-,"Total opening kills
1563",
gxx-,"Total opening deaths
1050",
gxx-,"Opening kill ratio
1.49",
gxx-,"Opening kill rating
1.03",
gxx-,"Team win percent after first kill
74.5%",
gxx-,"First kill in won rounds
13.8%",Career
gxx-,"First kill in won rounds
13.8%",1.07 (620)
gxx-,"First kill in won rounds
13.8%",1.07 (512)
gxx-,"First kill in won rounds
13.8%",1.05 (108)
gxx-,"First kill in won rounds
13.8%",0.96 (29)
rigoN,"Total opening kills
2085",
rigoN,"Total opening deaths
2072",
rigoN,"Opening kill ratio
1.01",
rigoN,"Opening kill rating
1.08",
rigoN,"Team win percent after first kill
72.0%",
rigoN,"First kill in won rounds
17.1%",Career
rigoN,"First kill in won rounds
17.1%",1.03 (636)
rigoN,"First kill in won rounds
17.1%",1.03 (523)
rigoN,"First kill in won rounds
17.1%",1.02 (113)
rigoN,"First kill in won rounds
17.1%",1.03 (29)
juanflatroo,"Total opening kills
2435",
juanflatroo,"Total opening deaths
2454",
juanflatroo,"Opening kill ratio
0.99",
juanflatroo,"Opening kill rating
1.03",
juanflatroo,"Team win percent after first kill
72.0%",
juanflatroo,"First kill in won rounds
15.6%",Career
juanflatroo,"First kill in won rounds
15.6%",1.05 (827)
juanflatroo,"First kill in won rounds
15.6%",1.05 (716)
juanflatroo,"First kill in won rounds
15.6%",1.04 (111)
juanflatroo,"First kill in won rounds
15.6%",0.97 (29)
SENER1,"Total opening kills
1282",
SENER1,"Total opening deaths
1599",
SENER1,"Opening kill ratio
0.80",
SENER1,"Opening kill rating
0.89",
SENER1,"Team win percent after first kill
71.3%",
SENER1,"First kill in won rounds
10.6%",Career
SENER1,"First kill in won rounds
10.6%",0.90 (634)
SENER1,"First kill in won rounds
10.6%",0.90 (521)
SENER1,"First kill in won rounds
10.6%",0.89 (113)
SENER1,"First kill in won rounds
10.6%",0.80 (29)
sinnopsyy,"Total opening kills
2697",
sinnopsyy,"Total opening deaths
3057",
sinnopsyy,"Opening kill ratio
0.88",
sinnopsyy,"Opening kill rating
1.01",
sinnopsyy,"Team win percent after first kill
72.5%",
sinnopsyy,"First kill in won rounds
15.9%",Career
sinnopsyy,"First kill in won rounds
15.9%",0.97 (904)
sinnopsyy,"First kill in won rounds
15.9%",0.97 (799)
sinnopsyy,"First kill in won rounds
15.9%",0.97 (105)
sinnopsyy,"First kill in won rounds
15.9%",0.90 (29)
,,Career
,,1.08 (1284)
,,1.09 (1154)
,,1.01 (130)
,,0.69 (6)
Aleksib,"Total opening kills
3087",
Aleksib,"Total opening deaths
3467",
Aleksib,"Opening kill ratio
0.89",
Aleksib,"Opening kill rating
0.97",
Aleksib,"Team win percent after first kill
74.1%",
Aleksib,"First kill in won rounds
13.6%",
Aleksib,"First kill in won rounds
13.6%",Career
Aleksib,"First kill in won rounds
13.6%",0.95 (1201)
Aleksib,"First kill in won rounds
13.6%",0.94 (668)
Aleksib,"First kill in won rounds
13.6%",0.96 (533)
Aleksib,"First kill in won rounds
13.6%",0.95 (59)
TeSeS,"First kill in won rounds
14.7%",1.04 (1667)
TeSeS,"First kill in won rounds
14.7%",1.06 (1012)
TeSeS,"First kill in won rounds
14.7%",1.03 (655)
TeSeS,"First kill in won rounds
14.7%",1.03 (69)
refrezh,"First kill in won rounds
12.8%",1.02 (763)
refrezh,"First kill in won rounds
12.8%",1.03 (678)
refrezh,"First kill in won rounds
12.8%",0.98 (85)
refrezh,"First kill in won rounds
12.8%",1.05 (32)
lauNX,"Total opening kills
1482",
lauNX,"Total opening deaths
1557",
lauNX,"Opening kill ratio
0.95",
lauNX,"Opening kill rating
1.00",
lauNX,"Team win percent after first kill
70.1%",
lauNX,"First kill in won rounds
14.2%",Career
lauNX,"First kill in won rounds
14.2%",1.06 (541)
lauNX,"First kill in won rounds
14.2%",1.07 (468)
lauNX,"First kill in won rounds
14.2%",1.01 (73)
lauNX,"First kill in won rounds
14.2%",0.80 (6)
slaxz-,"Total opening kills
4504",
slaxz-,"First kill in won rounds
18.6%",1.08 (1285)
slaxz-,"First kill in won rounds
18.6%",1.09 (1155)